OBJECTID,ctyua17cd,ctyua17nm,Shape_Leng,Shape_Area,AdultCount,AdultWeekl,AWSD,AWSDCat,AdultMonth,AMSD,AMSDCat,AdultINever,ANSD,ANSDCat,AdultInfreq,AISD,AISDCat,ChildCount,ChildWeekl,ChildMonth,ChildNever
132,E09000002,Barking and Dagenham,39734.24534,36108163.42,372,0.388446805,-1.96387251,< 1,0.597499474,-2.28409421,< 2,0.103624223,0.256586978,>0,0.298876303,3.454512066,>2,151,0.634484869,0.877898298,0.122101702
133,E09000003,Barnet,49775.15406,86799645.49,588,0.557940686,-0.110470048,<0,0.769290937,0.074202189,>0,0.090775418,-0.038597875,<0,0.139933645,-0.082908166,<0,144,0.638905019,0.696682218,0.303317782
88,E08000016,Barnsley,123630.6756,329132793.9,547,0.507237594,-0.664904433,<0,0.700653209,-0.868033845,<0,0.118134041,0.589931479,>0,0.181212749,0.835797608,>0,107,0.637139312,0.739852898,0.260147102
25,E06000022,Bath and North East Somerset,137361.8372,351163380.8,268,0.65997498,1.005267054,>1,0.822706055,0.807467267,>0,0.052904521,-0.908633272,<0,0.124389424,-0.428859609,<0,59,0.838430541,0.887069755,0.112930245
59,E06000055,Bedford,129918.5108,476375539.4,302,0.607489891,0.431346671,>0,0.760560501,-0.04564635,<0,0.111678984,0.441634805,>0,0.127760514,-0.35383279,<0,58,0.824265894,0.912837132,0.087162868
129,E09000004,Bexley,43910.20493,60587802.82,767,0.532418162,-0.389556872,<0,0.721427659,-0.582849065,<0,0.119508682,0.621512097,>0,0.159063659,0.342848515,>0,274,0.683465791,0.77408872,0.22591128
107,E08000025,Birmingham,104149.1731,267761494.9,2085,0.432421215,-1.483015743,< 1,0.681469118,-1.131386703,< 1,0.117743547,0.580960379,>0,0.200787335,1.271448662,>1,683,0.585946913,0.718824233,0.281175767
12,E06000008,Blackburn with Darwen,63751.44176,137057232.8,409,0.622083904,0.590931073,>0,0.787781878,0.328039713,>0,0.053624107,-0.892101704,<0,0.158594015,0.332396141,>0,100,0.689395764,0.806275921,0.193724079
13,E06000009,Blackpool,34572.99889,34877461.42,143,0.559969303,-0.088287279,<0,0.755764205,-0.111488315,<0,0.03602383,-1.296445546,< 1,0.208211964,1.436690852,>1,34,0.312835274,0.312835274,0.687164726
60,E08000001,Bolton,78828.2449,139795200.6,821,0.518994004,-0.536349,<0,0.715548308,-0.663558851,<0,0.100098659,0.175591657,>0,0.184353033,0.905687619,>0,213,0.612472371,0.701565608,0.298434392
30,E06000028,Bournemouth,47233.91778,46204494.14,165,0.688577114,1.318029174,>1,0.860866822,1.331325658,>1,0.075584777,-0.387583413,<0,0.063548401,-1.782934521,< 1,22,0.84789501,0.925695573,0.074304427
40,E06000036,Bracknell Forest,61813.78516,109346433,6,,,,,,,,,,,,,,,,
124,E08000032,Bradford,131638.5845,366393462.3,283,0.48674215,-0.889020525,<0,0.712972153,-0.698923455,<0,0.131854678,0.905145556,>0,0.15517317,0.256261977,>0,153,0.728797745,0.79634138,0.20365862
90,E09000005,Brent,37663.36713,43223381.06,863,0.440542221,-1.394213171,< 1,0.699342553,-0.886026097,<0,0.093096539,0.01472691,>0,0.207560908,1.422200981,>1,146,0.502063349,0.730216574,0.269783426
47,E06000043,Brighton and Hove,57913.58289,82815432.47,450,0.765786098,2.162303435,>2,0.893578207,1.780376735,>1,0.037454697,-1.263573208,< 1,0.068967096,-1.662336303,< 1,128,0.824802391,0.887465681,0.112534319
27,E06000023,"Bristol, City of",106749.6709,109720694,508,0.604360914,0.39713155,>0,0.808101653,0.606982865,>0,0.075918291,-0.379921356,<0,0.115980057,-0.61601808,<0,159,0.623429884,0.741544741,0.258455259
120,E09000006,Bromley,74640.83041,150125317.4,759,0.557913205,-0.110770551,<0,0.717340502,-0.638956205,<0,0.11776655,0.581488844,>0,0.164892947,0.472584871,>0,224,0.725965367,0.761830086,0.238169914
65,E10000002,Buckinghamshire,354461.3392,1564968343,1307,0.651880375,0.916753176,>0,0.853032815,1.223783,>1,0.03325354,-1.360089414,< 1,0.113713645,-0.666459238,<0,290,0.792992088,0.848254061,0.151745939
66,E08000002,Bury,66902.22149,99463149.8,552,0.589445454,0.23403215,>0,0.811503659,0.653684478,>0,0.065536763,-0.618423677,<0,0.122959577,-0.460682215,<0,114,0.650659649,0.734446297,0.265553703
125,E08000033,Calderdale,105460.9757,363994684.6,350,0.596045445,0.30620254,>0,0.768000194,0.056483296,>0,0.106631858,0.325683543,>0,0.125367948,-0.407081625,<0,151,0.721051968,0.817241702,0.182758298
69,E10000003,Cambridgeshire,501301.3523,3052755140,882,0.675859895,1.17896737,>1,0.850148451,1.184187405,>1,0.049785173,-0.9802963,<0,0.100066376,-0.970192207,<0,161,0.85728485,0.906511284,0.093488716
16,E09000007,Camden,25858.76548,21807916.5,285,0.594593079,0.29032103,>0,0.719911961,-0.603656066,<0,0.12221973,0.683794956,>0,0.157868309,0.316244862,>0,82,0.468859854,0.540740558,0.459259442
62,E06000056,Central Bedfordshire,229138.5233,715580550.9,633,0.631525473,0.694173899,>0,0.819427685,0.762462887,>0,0.060461774,-0.735015055,<0,0.120110541,-0.524090225,<0,102,0.794251798,0.847787101,0.152212899
52,E06000049,Cheshire East,289461.8642,1166350896,443,0.578274595,0.111879672,>0,0.768411189,0.062125299,>0,0.047765994,-1.026684354,< 1,0.183822817,0.893887157,>0,97,0.682028066,0.823008561,0.176991439
53,E06000050,Cheshire West and Chester,297233.8213,916656233.8,346,0.632869426,0.708869921,>0,0.798433318,0.474259159,>0,0.082212463,-0.235320808,<0,0.119354219,-0.540922892,<0,140,0.813244212,0.846881241,0.153118759
131,E09000001,City of London,8929.190238,2897650.241,,,,,,,,,,,,,,,,,
55,E06000052,Cornwall,1100311.747,3549517293,1391,0.692827576,1.364507647,>1,0.849695033,1.177963032,>1,0.052231153,-0.92410304,<0,0.098073814,-1.014538572,< 1,261,0.650407292,0.67988839,0.32011161
51,E06000047,County Durham,309633.9132,2231575406,1589,0.670155629,1.116591663,>1,0.807116606,0.593460465,>0,0.095192215,0.062872384,>0,0.09769118,-1.023054456,< 1,367,0.659060235,0.69807022,0.30192978
103,E08000026,Coventry,53000.30211,98624085.36,997,0.409475399,-1.733926464,< 1,0.66737546,-1.32485978,< 1,0.114385624,0.503816395,>0,0.218238916,1.659850218,>1,253,0.63950062,0.765086828,0.234913172
134,E09000008,Croydon,57494.41838,86535674.75,383,0.461629391,-1.1636266,< 1,0.661364396,-1.407377679,< 1,0.174036017,1.874207843,>1,0.164599588,0.466055887,>0,161,0.582605945,0.631893781,0.368106219
73,E10000006,Cumbria,955512.8885,6822192760,1129,0.669162665,1.105733678,>1,0.817067644,0.730065025,>0,0.088456946,-0.091861802,<0,0.09447541,-1.094624481,< 1,304,0.850129303,0.898058925,0.101941075
8,E06000005,Darlington,105799.5829,197482015.7,460,0.692362522,1.359422318,>1,0.849671914,1.177645662,>1,0.071135006,-0.489811208,<0,0.07919308,-1.43474729,< 1,99,0.711750656,0.767311037,0.232688963
18,E06000015,Derby,49198.67157,78022267.07,564,0.503343349,-0.7074877,<0,0.714559789,-0.677128913,<0,0.145228885,1.212400848,>1,0.140211326,-0.076728111,<0,185,0.579986569,0.711686515,0.288313485
74,E10000007,Derbyshire,454887.4273,2550841722,1497,0.653124161,0.930353879,>0,0.820053446,0.771053127,>0,0.05643068,-0.827624281,<0,0.123515873,-0.448301318,<0,275,0.77230057,0.834654281,0.165345719
75,E10000008,Devon,1004228.63,6567231243,1891,0.730737115,1.77904552,>1,0.858696427,1.301531193,>1,0.04016774,-1.201244517,< 1,0.101135833,-0.946390423,<0,495,0.823161243,0.866168551,0.133831449
96,E08000017,Doncaster,168559.9442,568029182.7,928,0.525523436,-0.464950166,<0,0.73075946,-0.454745186,<0,0.111349821,0.434072706,>0,0.157890719,0.316743618,>0,226,0.752055024,0.817027176,0.182972824
79,E10000009,Dorset,550742.0717,2541966736,1338,0.669350289,1.107785332,>1,0.831615928,0.929779057,>0,0.06101716,-0.722255772,<0,0.107366912,-0.807711826,<0,258,0.713661981,0.77323662,0.22676338
118,E08000027,Dudley,72680.62864,97939613.98,113,0.519547855,-0.530292682,<0,0.718036295,-0.629404589,<0,0.091748807,-0.016235508,<0,0.190214898,1.036149008,>1,45,0.764702991,0.809181253,0.190818747
135,E09000009,Ealing,46679.04303,55538606.36,601,0.476627602,-0.999622324,<0,0.735931452,-0.38374579,<0,0.065070093,-0.629144823,<0,0.198998454,1.231635412,>1,142,0.681869311,0.784784142,0.215215858
6,E06000011,East Riding of Yorkshire,496822.1483,2406546933,766,0.657249782,0.975467225,>0,0.843698513,1.095644789,>1,0.050966535,-0.95315602,<0,0.105334952,-0.852935031,<0,149,0.795583666,0.879657458,0.120342542
87,E10000011,East Sussex,335010.6729,1712681891,892,0.748388024,1.972056843,>1,0.869758462,1.453387151,>1,0.05694401,-0.815831181,<0,0.073297528,-1.565958414,< 1,211,0.667908115,0.729484711,0.270515289
136,E09000010,Enfield,40459.92979,82171315.91,695,0.504525744,-0.694558302,<0,0.726204821,-0.517269765,<0,0.112525894,0.461091478,>0,0.161269285,0.391936822,>0,197,0.599333615,0.678591042,0.321408958
91,E10000012,Essex,1053049.712,3471603019,3229,0.597043945,0.31712106,>0,0.810776725,0.643705369,>0,0.073984984,-0.42433661,<0,0.115238291,-0.632526789,<0,869,0.789848558,0.863125529,0.136874471
130,E08000037,Gateshead,87124.44048,142359624.9,255,0.579420397,0.124408928,>0,0.76709599,0.044070682,>0,0.11707235,0.565540487,>0,0.11583166,-0.619320797,<0,63,0.746289654,0.815391779,0.184608221
92,E10000013,Gloucestershire,518997.2226,2653079865,1288,0.593872787,0.282444693,>0,0.779176081,0.209902177,>0,0.10341232,0.251718778,>0,0.117411599,-0.58415775,<0,275,0.629354053,0.761433175,0.238566825
137,E09000011,Greenwich,46465.33127,47305858.03,754,0.497452935,-0.771898921,<0,0.712549878,-0.704720307,<0,0.135059428,0.978770587,>0,0.152390695,0.194335346,>0,258,0.652242855,0.718121754,0.281878246
138,E09000012,Hackney,25016.06255,19055506.49,67,0.388738574,-1.960682039,< 1,0.493419225,-3.712873453,< 2,0.256601535,3.771044964,>2,0.24997924,2.366261359,>2,49,0.621962663,0.678161685,0.321838315
9,E06000006,Halton,76357.59468,79111882.4,452,0.433556817,-1.470598023,< 1,0.641139385,-1.685019942,< 1,0.110095909,0.405265682,>0,0.248764706,2.339230748,>2,82,0.668326115,0.775268906,0.224731094
24,E09000013,Hammersmith and Fulham,23446.75002,16382501.53,333,0.590269406,0.243042001,>0,0.748782612,-0.207329315,<0,0.130149916,0.865980831,>0,0.121067472,-0.502792814,<0,70,0.560316175,0.634881749,0.365118251
93,E10000014,Hampshire,664438.0701,3678859101,1512,0.719202513,1.652915541,>1,0.870386933,1.462014593,>1,0.051732172,-0.93556649,<0,0.077880895,-1.463951217,< 1,412,0.828785239,0.882771911,0.117228089
33,E09000014,Haringey,28383.74971,29601369.61,627,0.466633207,-1.10891026,< 1,0.675712453,-1.210412297,< 1,0.150679393,1.337619295,>1,0.173608154,0.666550104,>0,145,0.565103882,0.702664973,0.297335027
44,E09000015,Harrow,33263.16984,50448756.66,614,0.453577184,-1.25167686,< 1,0.727516019,-0.499270072,<0,0.088349352,-0.094333637,<0,0.184134628,0.900826808,>0,113,0.551389677,0.697345621,0.302654379
1,E06000001,Hartlepool,69387.72317,93597464.68,134,0.572759478,0.051572294,>0,0.776738772,0.176443605,>0,0.128345238,0.824520663,>0,0.094915989,-1.084818975,< 1,23,0.842304945,0.842304945,0.157695055
139,E09000016,Havering,62367.0041,112341836.6,111,0.469029307,-1.082709092,< 1,0.672093937,-1.260086088,< 1,0.15254556,1.380492093,>1,0.175360504,0.705550322,>0,44,0.746981387,0.802790249,0.197209751
21,E06000019,"Herefordshire, County of",338787.723,2179677402,155,0.582879411,0.162232978,>0,0.794255433,0.416906535,>0,0.096214987,0.086369262,>0,0.109529579,-0.759579612,<0,24,0.527237354,0.653777308,0.346222692
94,E10000015,Hertfordshire,298612.9932,1643004578,2721,0.625455491,0.627799116,>0,0.853647663,1.23222343,>1,0.04390747,-1.115329006,< 1,0.102444867,-0.917256625,<0,530,0.752331362,0.81801595,0.18198405
140,E09000017,Hillingdon,62381.75837,115737806.6,294,0.466537793,-1.109953604,< 1,0.643092071,-1.658214114,< 1,0.096839093,0.100707299,>0,0.260068836,2.590814927,>2,107,0.495875153,0.606506156,0.393493844
141,E09000018,Hounslow,60019.32156,55972269.96,446,0.487516635,-0.880551592,<0,0.709568712,-0.745644768,<0,0.132539681,0.920882624,>0,0.157891607,0.316763382,>0,135,0.701770022,0.74384677,0.25615323
50,E06000046,Isle of Wight,181781.43,380221619.1,502,0.741538558,1.897158463,>1,0.869167325,1.445272218,>1,0.040222961,-1.199975885,< 1,0.090609714,-1.180659227,< 1,68,0.779934312,0.863022357,0.136977643
56,E06000053,Isles of Scilly,104959.7275,16387719.47,,,,,,,,,,,,,,,,,
142,E09000019,Islington,20477.30587,14837420.45,185,0.505027419,-0.689072525,<0,0.70039561,-0.871570079,<0,0.163287106,1.627265367,>1,0.136317283,-0.163393747,<0,55,0.525701669,0.622626042,0.377373958
61,E09000020,Kensington and Chelsea,20708.81921,12139191.85,98,0.390674099,-1.939517223,< 1,0.612867651,-2.073124958,< 2,0.281691415,4.34745285,>2,0.105440934,-0.8505763,<0,23,0.636675297,0.636675297,0.363324703
95,E10000016,Kent,640733.5972,3546040047,4291,0.631931243,0.698610962,>0,0.820725454,0.780278231,>0,0.060659458,-0.730473518,<0,0.118615088,-0.557372956,<0,1208,0.713744862,0.82910471,0.17089529
5,E06000010,"Kingston upon Hull, City of",63330.24028,71455773.08,1028,0.492862873,-0.822090893,<0,0.751922019,-0.164232574,<0,0.08378709,-0.199145768,<0,0.164290891,0.459185542,>0,209,0.800201428,0.880244502,0.119755498
83,E09000021,Kingston upon Thames,37073.55617,37275479.54,310,0.548667379,-0.211872942,<0,0.817704644,0.73880955,>0,0.03711736,-1.271323094,< 1,0.145177996,0.03380986,>0,61,0.807291015,0.879998646,0.120001354
126,E08000034,Kirklees,121475.5122,408496919.1,760,0.505052982,-0.688792996,<0,0.723771167,-0.550678162,<0,0.101706813,0.212536937,>0,0.17452202,0.686889062,>0,240,0.65636602,0.778029815,0.221970185
68,E08000011,Knowsley,66872.27716,86537089.44,584,0.477827583,-0.986500625,<0,0.680187947,-1.148974195,< 1,0.11304865,0.473101128,>0,0.206763403,1.404451747,>1,144,0.786535486,0.851072168,0.148927832
86,E09000022,Lambeth,33300.50922,26797935.8,636,0.570915831,0.031412157,>0,0.753491537,-0.14268675,<0,0.112132459,0.452052813,>0,0.134376004,-0.20659876,<0,118,0.732574057,0.817332606,0.182667394
98,E10000017,Lancashire,798644.5908,2904199427,3034,0.62370955,0.608707386,>0,0.800566777,0.503546579,>0,0.054803166,-0.865014333,<0,0.144630056,0.021614934,>0,528,0.574501438,0.610355004,0.389644996
128,E08000035,Leeds,156562.5657,551788605.9,1288,0.616229946,0.526918495,>0,0.805024181,0.564736347,>0,0.072091681,-0.467832824,<0,0.122884138,-0.462361182,<0,348,0.763109461,0.831345055,0.168654945
10,E06000016,Leicester,50729.5935,73376543.8,724,0.46324833,-1.145923628,< 1,0.632294013,-1.806446284,< 1,0.193277939,2.316266378,>2,0.174428047,0.684797603,>0,257,0.536219095,0.662271196,0.337728804
99,E10000018,Leicestershire,365297.1687,2083789221,1185,0.556007624,-0.131607932,<0,0.740941977,-0.31496296,<0,0.103567536,0.255284667,>0,0.155490487,0.263324169,>0,309,0.724303864,0.788695738,0.211304262
143,E09000023,Lewisham,40177.23914,35188851.37,725,0.484524514,-0.913270203,<0,0.656689802,-1.47154896,< 1,0.164175197,1.647668122,>1,0.179135001,0.789555347,>0,246,0.681123194,0.779851583,0.220148417
100,E10000019,Lincolnshire,707951.522,5936980490,1462,0.466258096,-1.113012069,< 1,0.749000662,-0.204335997,<0,0.059576994,-0.755341743,<0,0.191422344,1.063021868,>1,247,0.708001316,0.800450981,0.199549019
80,E08000012,Liverpool,61271.9042,111821887.3,1036,0.534790366,-0.363617005,<0,0.726035078,-0.51959994,<0,0.105420131,0.297845666,>0,0.168544792,0.55386016,>0,248,0.644885071,0.80116586,0.19883414
7,E06000032,Luton,34269.12848,43359037.99,352,0.546199516,-0.238858833,<0,0.744351758,-0.268154614,<0,0.097877029,0.12455255,>0,0.157771212,0.314083876,>0,100,0.685481618,0.748046901,0.251953099
67,E08000003,Manchester,83879.05771,115595841.7,958,0.506652746,-0.6712997,<0,0.728251808,-0.489169404,<0,0.119450519,0.620175876,>0,0.152297673,0.192265053,>0,292,0.55575915,0.666558395,0.333441605
39,E06000035,Medway,180051.2752,193485251.5,846,0.536475495,-0.34519025,<0,0.780302925,0.225371119,>0,0.061927905,-0.701332571,<0,0.157769171,0.314038452,>0,234,0.570005801,0.766056616,0.233943384
144,E09000024,Merton,31735.6353,37628562.96,243,0.490684602,-0.845910118,<0,0.747862042,-0.219966596,<0,0.10560829,0.302168378,>0,0.146529667,0.063892586,>0,77,0.709450047,0.773162731,0.226837269
2,E06000002,Middlesbrough,42085.58481,53878997.02,326,0.60834079,0.440651186,>0,0.760734316,-0.043260275,<0,0.137433439,1.033310452,>1,0.101832245,-0.930891111,<0,108,0.683519729,0.722453758,0.277546242
46,E06000042,Milton Keynes,100962.3229,308649080.2,458,0.648151767,0.875981136,>0,0.847816442,1.152174356,>1,0.041355997,-1.173945833,< 1,0.110827561,-0.730691786,<0,114,0.738397267,0.852442637,0.147557363
102,E08000021,Newcastle upon Tyne,64379.22207,113439029.8,609,0.577824585,0.106958847,>0,0.769994603,0.083861883,>0,0.09497297,0.057835511,>0,0.135032427,-0.191989441,<0,174,0.59048902,0.773979452,0.226020548
145,E09000025,Newham,34001.59,36200915.21,1199,0.308413713,-2.839028173,< 2,0.591419857,-2.367553182,< 2,0.175419417,1.905989687,>1,0.233160726,1.991949312,>1,594,0.455653312,0.796086464,0.203913536
104,E10000020,Norfolk,935057.3199,5381391030,1130,0.568603754,0.006129774,>0,0.777332968,0.184600531,>0,0.061846609,-0.703200243,<0,0.160820423,0.381946971,>0,225,0.730930592,0.824771314,0.175228686
14,E06000012,North East Lincolnshire,85106.706,191914627.3,328,0.617404874,0.539766242,>0,0.803252667,0.540417589,>0,0.068107934,-0.559354313,<0,0.128639399,-0.334272367,<0,48,0.794605207,0.917165309,0.082834691
17,E06000013,North Lincolnshire,237750.4356,846320971.9,115,,,,,,,,,,,,,28,,,
29,E06000024,North Somerset,148427.0032,374629904.3,114,0.635658588,0.739369191,>0,0.90568693,1.94660128,>1,0.016770428,-1.738767819,< 1,0.077542641,-1.471479381,< 1,27,0.851109817,0.937935713,0.062064287
82,E08000022,North Tyneside,62912.36989,82296262.55,301,0.733998315,1.81470649,>1,0.889681096,1.726878483,>1,0.056922453,-0.816326426,<0,0.053396451,-2.008875837,< 2,75,0.896875717,0.918261353,0.081738647
108,E10000023,North Yorkshire,859928.8594,8040415789,1732,0.699039195,1.43243122,>1,0.848055302,1.155453347,>1,0.066046125,-0.606721737,<0,0.085898572,-1.285510179,< 1,381,0.757763294,0.80652209,0.19347791
105,E10000021,Northamptonshire,367425.6946,2367051198,1389,0.582138368,0.15412973,>0,0.785268019,0.293530288,>0,0.046810296,-1.048640293,< 1,0.167921685,0.53999232,>0,346,0.656814646,0.787365821,0.212634179
63,E06000057,Northumberland,570817.095,5026317325,301,0.661374296,1.020568466,>1,0.804422182,0.556472304,>0,0.091597465,-0.019712397,<0,0.103980353,-0.883082922,<0,85,0.684814245,0.746171451,0.253828549
20,E06000018,Nottingham,58019.25703,74601634.81,610,0.573791839,0.062861082,>0,0.747229089,-0.228655565,<0,0.1110779,0.427825669,>0,0.14169301,-0.043751822,<0,221,0.679609642,0.719866559,0.280133441
109,E10000024,Nottinghamshire,377656.7461,2084772071,1244,0.598078369,0.328432407,>0,0.788218468,0.334033076,>0,0.068429051,-0.551977061,<0,0.143352481,-0.006818715,<0,243,0.707656095,0.791360976,0.208639024
58,E08000004,Oldham,69705.05007,142343448.1,431,0.449857313,-1.292353361,< 1,0.659988827,-1.426261035,< 1,0.144757291,1.201566579,>1,0.195253883,1.148296418,>1,124,0.643643079,0.768821163,0.231178837
110,E10000025,Oxfordshire,402035.5687,2605876672,730,0.669252906,1.106720457,>1,0.848733858,1.16476834,>1,0.070006604,-0.5157348,<0,0.081259538,-1.388756299,< 1,104,0.726338072,0.78223016,0.21776984
37,E06000031,Peterborough,111019.5312,343423850.8,420,0.587978978,0.217996348,>0,0.792586095,0.393990415,>0,0.037036565,-1.273179256,< 1,0.17037734,0.594645261,>0,97,0.75819929,0.836081481,0.163918519
34,E06000026,Plymouth,89647.066,79840318.05,631,0.661021213,1.016707531,>1,0.836511151,0.99697906,>0,0.081515593,-0.251330505,<0,0.081973256,-1.372871825,< 1,128,0.78241808,0.830517092,0.169482908
35,E06000029,Poole,71418.83913,64745074.85,35,0.668073301,1.093821567,>1,0.836618794,0.998456747,>0,0.034089921,-1.340874631,< 1,0.129291285,-0.319764024,<0,21,0.613320325,0.700908362,0.299091638
48,E06000044,Portsmouth,58738.33633,40359257.95,694,0.636868421,0.752598621,>0,0.863338736,1.365259276,>1,0.040793459,-1.186869423,< 1,0.095867806,-1.063635381,< 1,182,0.755734304,0.851364131,0.148635869
43,E06000038,Reading,38608.30547,40384392.87,231,0.445521287,-1.33976747,< 1,0.740274217,-0.324129749,<0,0.132452953,0.918890159,>0,0.12727283,-0.364686662,<0,56,0.497595381,0.653305955,0.346694045
146,E09000026,Redbridge,47710.24444,56412286.59,1098,0.411784005,-1.708682036,< 1,0.699312994,-0.886431874,<0,0.109132442,0.383131261,>0,0.191554565,1.065964573,>1,500,0.41070552,0.803215033,0.196784967
3,E06000003,Redcar and Cleveland,96189.66071,244838828.2,726,0.621243916,0.581745869,>0,0.76087187,-0.041371979,<0,0.150975481,1.344421537,>1,0.088152649,-1.235343548,< 1,146,0.775360399,0.775360399,0.224639601
148,E09000027,Richmond upon Thames,66477.44687,57366683,204,0.683140984,1.258585514,>1,0.83648918,0.996677449,>0,0.058544754,-0.779056136,<0,0.104966067,-0.861144918,<0,34,0.865712138,0.865712138,0.134287862
70,E08000005,Rochdale,81291.27634,158161475.7,225,0.537939473,-0.329181763,<0,0.78099261,0.234838887,>0,0.054587174,-0.869976472,<0,0.164420216,0.462063793,>0,60,0.619366178,0.7538811,0.2461189
97,E08000018,Rotherham,103580.6281,286456445.7,422,0.516296887,-0.565841765,<0,0.714719777,-0.674932651,<0,0.110964514,0.425220771,>0,0.174315709,0.682297414,>0,122,0.601035669,0.683642868,0.316357132
19,E06000017,Rutland,120282.4322,393743420.7,29,,,,,,,,,,,,,,,,
71,E08000006,Salford,62397.59038,97158283.15,357,0.477416073,-0.991000455,<0,0.682295032,-1.120048829,< 1,0.09588901,0.078880358,>0,0.221815958,1.739460695,>1,85,0.668246214,0.748769628,0.251230372
119,E08000028,Sandwell,57936.42664,85597166.07,409,0.428958115,-1.520884473,< 1,0.645589478,-1.623930537,< 1,0.174164277,1.877154452,>1,0.180246245,0.814287141,>0,123,0.54515064,0.636462345,0.363537655
84,E08000014,Sefton,117051.5864,154939762.9,646,0.609554787,0.453926149,>0,0.767327122,0.047243586,>0,0.064768342,-0.636077166,<0,0.167904536,0.539610653,>0,133,0.632114535,0.723050681,0.276949319
101,E08000019,Sheffield,129225.5138,367862436.5,604,0.478240565,-0.981984699,<0,0.732483218,-0.431082007,<0,0.093207263,0.017270652,>0,0.174309519,0.68215965,>0,107,0.72346735,0.761410751,0.238589249
54,E06000051,Shropshire,559542.2747,3197310397,739,0.69153834,1.350409951,>1,0.861144599,1.335138888,>1,0.046076628,-1.065495376,< 1,0.092778773,-1.132384753,< 1,184,0.816592347,0.884131575,0.115868425
32,E06000039,Slough,43305.91129,32538450.31,555,0.478911111,-0.97465233,<0,0.754929412,-0.122948077,<0,0.052094194,-0.927249498,<0,0.192976394,1.097608731,>1,151,0.726771218,0.811219636,0.188780364
121,E08000029,Solihull,98745.63776,178280176.9,277,0.463425591,-1.143985292,< 1,0.714807712,-0.673725508,<0,0.096552711,0.094128039,>0,0.188639577,1.001088738,>1,66,0.80009024,0.843132368,0.156867632
111,E10000027,Somerset,514657.7858,3452095232,1386,0.714784796,1.604608147,>1,0.831344078,0.92604719,>0,0.080167815,-0.28229398,<0,0.088488107,-1.227877611,< 1,329,0.778995561,0.851249725,0.148750275
31,E06000025,South Gloucestershire,138672.5545,496933994.4,777,0.625162488,0.62459515,>0,0.827982472,0.879900174,>0,0.060566202,-0.732615955,<0,0.111451325,-0.716809324,<0,183,0.676349537,0.740238214,0.259761786
89,E08000023,South Tyneside,49187.33218,64415615.32,119,0.621795481,0.58777719,>0,0.776155464,0.168436146,>0,0.103614109,0.256354622,>0,0.120230428,-0.521422026,<0,27,0.85256091,0.965901796,0.034098204
49,E06000045,Southampton,57238.12603,49918106.81,311,0.670534151,1.120730771,>1,0.871366322,1.475459322,>1,0.040577816,-1.191823545,< 1,0.088055862,-1.237497635,< 1,88,0.940318496,0.959702522,0.040297478
26,E06000033,Southend-on-Sea,42064.69956,41751922.2,80,0.517888296,-0.548439831,<0,0.869061589,1.443820709,>1,0.054223243,-0.878337321,<0,0.076715167,-1.489895603,< 1,14,0.71182737,0.853515737,0.146484263
149,E09000028,Southwark,33260.12714,28845353.23,782,0.538568687,-0.322301357,<0,0.71157065,-0.718162825,<0,0.131805769,0.904021935,>0,0.156623581,0.288542255,>0,218,0.686757314,0.776617208,0.223382792
81,E08000013,St. Helens,74993.97118,136413423.8,494,0.533395101,-0.378874119,<0,0.684100457,-1.095264551,< 1,0.097728436,0.121138816,>0,0.218171108,1.658341087,>1,99,0.679994458,0.724423669,0.275576331
112,E10000028,Staffordshire,488693.8545,2623302981,1771,0.59876326,0.335921637,>0,0.785449597,0.29602293,>0,0.068339368,-0.554037413,<0,0.146211035,0.056801127,>0,365,0.70537707,0.807590567,0.192409433
72,E08000007,Stockport,71180.69598,126048310.3,432,0.564091551,-0.043210816,<0,0.781032485,0.235386277,>0,0.060983128,-0.723037614,<0,0.157984387,0.318828289,>0,96,0.713633987,0.773707415,0.226292585
4,E06000004,Stockton-on-Tees,115447.2449,204935660.3,284,0.668462306,1.098075307,>1,0.828120999,0.881801827,>0,0.090841138,-0.037088042,<0,0.081037863,-1.393689887,< 1,61,0.690162374,0.786111418,0.213888582
23,E06000021,Stoke-on-Trent,62214.39475,93416841.66,467,0.542487539,-0.279449014,<0,0.761137536,-0.037725004,<0,0.079785297,-0.291081841,<0,0.159077166,0.343149126,>0,153,0.610308455,0.806200592,0.193799408
113,E10000029,Suffolk,731814.1661,3802393773,1281,0.645536628,0.847384793,>0,0.82726996,0.870119045,>0,0.058702498,-0.77543217,<0,0.114027543,-0.659473139,<0,248,0.697334845,0.79775133,0.20224867
106,E08000024,Sunderland,97420.42022,137385698.6,282,0.584323471,0.178023662,>0,0.773393271,0.130517674,>0,0.111275718,0.432370284,>0,0.115331011,-0.630463217,<0,67,0.685892413,0.726617248,0.273382752
114,E10000030,Surrey,267067.8048,1670087234,1889,0.614725138,0.510463536,>0,0.78572353,0.299783392,>0,0.090835288,-0.037222438,<0,0.123441182,-0.449963638,<0,523,0.820887328,0.880963778,0.119036222
150,E09000029,Sutton,39112.64529,43835897.91,350,0.552340323,-0.171709584,<0,0.73045178,-0.458968916,<0,0.124184441,0.728931677,>0,0.145363779,0.037944638,>0,120,0.801542021,0.859127213,0.140872787
36,E06000030,Swindon,99592.58469,230091709.1,318,0.538214476,-0.326174627,<0,0.758181335,-0.078306754,<0,0.129099707,0.841853623,>0,0.112718958,-0.688596945,<0,105,0.533519183,0.60972092,0.39027908
76,E08000008,Tameside,54140.98231,103165545.5,322,0.528626675,-0.431016488,<0,0.753541417,-0.142002014,<0,0.089615331,-0.065249389,<0,0.156843252,0.293431243,>0,74,0.608188839,0.750207266,0.249792734
22,E06000020,Telford and Wrekin,115374.8683,290324518.1,583,0.667914073,1.092080421,>1,0.840055411,1.045633489,>1,0.062493034,-0.688349456,<0,0.097451554,-1.028387561,< 1,152,0.801824317,0.880969449,0.119030551
38,E06000034,Thurrock,91321.92281,163438914.4,123,0.446880607,-1.324903411,< 1,0.734464447,-0.40388435,<0,0.091611375,-0.019392833,<0,0.173924178,0.673583519,>0,58,0.891177602,0.908033623,0.091966377
28,E06000027,Torbay,73390.78097,62936711.84,39,,,,,,,,,,,,,5,,,
151,E09000030,Tower Hamlets,27505.22684,19781602.1,721,0.478898862,-0.974786272,<0,0.715329123,-0.666567751,<0,0.100864818,0.193193179,>0,0.183806058,0.89351417,>0,182,0.507027972,0.623483519,0.376516481
77,E08000009,Trafford,59144.48803,106023303.7,241,0.571433935,0.037077584,>0,0.725288879,-0.529843514,<0,0.113446622,0.482244026,>0,0.161264499,0.391830305,>0,54,0.771813035,0.821386594,0.178613406
127,E08000036,Wakefield,106104.7266,338612310.2,754,0.552874187,-0.165871823,<0,0.737304438,-0.364897893,<0,0.113084786,0.473931307,>0,0.149610775,0.132465579,>0,215,0.746804131,0.796719286,0.203280714
122,E08000030,Walsall,58578.78578,103998001.5,840,0.395734775,-1.884179123,< 1,0.606498961,-2.160552229,< 2,0.173660734,1.865586196,>1,0.219840304,1.695490634,>1,279,0.506587279,0.690190817,0.309809183
152,E09000031,Waltham Forest,32617.1498,38821994.58,670,0.425585928,-1.557759077,< 1,0.619796146,-1.97801287,< 1,0.217968637,2.883503569,>2,0.162235217,0.413434559,>0,233,0.551214513,0.633085376,0.366914624
147,E09000032,Wandsworth,37889.4748,34264444.59,586,0.578173305,0.110772073,>0,0.771934347,0.110490047,>0,0.086002952,-0.148239174,<0,0.142062701,-0.035523997,<0,109,0.634804966,0.743401322,0.256598678
11,E06000007,Warrington,111945.7114,180619479.6,706,0.502365876,-0.718176292,<0,0.718102836,-0.628491136,<0,0.0920704,-0.008847321,<0,0.189826764,1.027510716,>1,163,0.774150879,0.830058971,0.169941029
115,E10000031,Warwickshire,387154.097,1977519996,483,0.634835665,0.730370592,>0,0.793840465,0.411209992,>0,0.084929354,-0.172903714,<0,0.121230181,-0.499171571,<0,85,0.645713094,0.729354947,0.270645053
42,E06000037,West Berkshire,163471.753,704162839.3,375,0.628860672,0.665034506,>0,0.816630764,0.724067681,>0,0.070623946,-0.501552157,<0,0.112745291,-0.688010879,<0,89,0.732529537,0.80453029,0.19546971
116,E10000032,West Sussex,466246.1161,1990863527,961,0.65462738,0.946791462,>0,0.827577882,0.874346097,>0,0.066775762,-0.58995926,<0,0.105646357,-0.846004416,<0,194,0.800849894,0.892182948,0.107817052
64,E09000033,Westminster,26888.27421,21459012.23,184,0.484840877,-0.909810798,<0,0.706694757,-0.785097472,<0,0.144920556,1.205317384,>1,0.148384687,0.105177823,>0,31,0.598074442,0.694204657,0.305795343
78,E08000010,Wigan,84925.1423,188161944.2,307,0.51987333,-0.526733638,<0,0.674559926,-1.226233806,< 1,0.102303546,0.226246114,>0,0.223136527,1.768851216,>1,61,0.736246052,0.806845635,0.193154365
57,E06000054,Wiltshire,394566.3529,3255372682,616,0.673381102,1.15186196,>1,0.837468826,1.010125705,>1,0.068598265,-0.548089586,<0,0.093932909,-1.106698357,< 1,124,0.671300157,0.722124203,0.277875797
41,E06000040,Windsor and Maidenhead,113791.5161,198421643.6,169,0.788610736,2.411889084,>2,0.910032787,2.006259768,>2,0.022029358,-1.617950632,< 1,0.067937855,-1.685243042,< 1,38,0.788369233,0.881638305,0.118361695
85,E08000015,Wirral,73154.22297,157061607.1,195,0.593627498,0.279762477,>0,0.780533785,0.228540289,>0,0.090764194,-0.038855732,<0,0.128702021,-0.332878655,<0,44,0.807808131,0.821240476,0.178759524
45,E06000041,Wokingham,85668.6085,178974516,49,0.588247775,0.220935623,>0,0.778381986,0.199001104,>0,0.011665812,-1.85603984,< 1,0.209952203,1.475421528,>1,16,0.689351047,0.752403356,0.247596644
123,E08000031,Wolverhampton,54801.20897,69439134.32,529,0.447938836,-1.313331759,< 1,0.670866767,-1.276932272,< 1,0.133915934,0.952500275,>0,0.1952173,1.147482228,>1,88,0.661641219,0.699729645,0.300270355
117,E10000034,Worcestershire,361962.8081,1740535143,1048,0.630782314,0.686047512,>0,0.823305022,0.815689687,>0,0.062171529,-0.695735622,<0,0.114523449,-0.648436279,<0,242,0.825928167,0.882360884,0.117639116
15,E06000014,York,100513.6891,271938194.4,482,0.600628088,0.356313387,>0,0.821741276,0.794223099,>0,0.042353205,-1.151036255,< 1,0.135905519,-0.172557947,<0,115,0.850883597,0.91854681,0.08145319
